username,firstName,lastName,password,email
jthompson0,Gaëlle,Thompson,NFSzuDSSmQn,jthompson0@mailinator.com
sfranklin1,Anaëlle,Franklin,y91nxe,sfranklin1@mailinator.com
tfuller2,Noémie,Fuller,aQChvoGl,tfuller2@mailinator.com
rlopez3,Yè,Lopez,J2IbcQwXRZ5D,rlopez3@mailinator.com
etaylor4,Judicaël,Taylor,2aBxnW9O8i,etaylor4@mailinator.com
gmitchell5,Aurélie,Mitchell,DfDgyYWU,gmitchell5@mailinator.com
sjones6,Françoise,Jones,bVqjQcK0DSpD,sjones6@mailinator.com
bedwards7,Laurène,Edwards,JC8lNg9t,bedwards7@mailinator.com
cchavez8,Lóng,Chavez,ZoWgPts,cchavez8@mailinator.com
ddixon9,Liè,Dixon,1uK11GXF,ddixon9@mailinator.com
rrogersa,Lucrèce,Rogers,ZzLc7Tikidm,rrogersa@mailinator.com
kpetersonb,Marlène,Peterson,HPQTon,kpetersonb@mailinator.com
bbryantc,Maïly,Bryant,GvleNqjR,bbryantc@mailinator.com
jblackd,Marie-josée,Black,hiJ6l2Fw10,jblackd@mailinator.com
kpiercee,Uò,Pierce,059yIr6,kpiercee@mailinator.com
rrogersf,Faîtes,Rogers,Su1q4O,rrogersf@mailinator.com
jgarzag,Bérangère,Garza,E1tSai9Erj,jgarzag@mailinator.com
pdunnh,Judicaël,Dunn,AGN8wruFy,pdunnh@mailinator.com
cgutierrezi,Yénora,Gutierrez,8XjnaKr,cgutierrezi@mailinator.com
rberryj,Noëlla,Berry,cb1bS7zrj5,rberryj@mailinator.com
wnelsonk,Laïla,Nelson,odFAMJR42q,wnelsonk@mailinator.com
hharrisl,Marie-ève,Harris,Rcj6zfJtSwRW,hharrisl@mailinator.com
cromerom,Dafnée,Romero,hshe1XDYB,cromerom@mailinator.com
hpalmern,Joséphine,Palmer,fLqhcGMNan,hpalmern@mailinator.com
bfishero,Célia,Fisher,v7r2ucqFRsp,bfishero@mailinator.com
clewisp,Maïlys,Lewis,2FgBte2ScBhK,clewisp@mailinator.com
jelliottq,Méline,Elliott,037HZv,jelliottq@mailinator.com
aburtonr,Vérane,Burton,oOZhOJ,aburtonr@mailinator.com
cfraziers,Eliès,Frazier,dSziS7F6lx,cfraziers@mailinator.com
cmatthewst,Mélodie,Matthews,2Ihpds,cmatthewst@mailinator.com
mtuckeru,Gaïa,Tucker,ntyeYbN3rOmO,mtuckeru@mailinator.com
rmartinv,Aimée,Martin,XUIfRZHj38s,rmartinv@mailinator.com
bstephensw,Yè,Stephens,3nrzUpAqR5ef,bstephensw@mailinator.com
spricex,Åslög,Price,67ISL9y8Jj,spricex@mailinator.com
dortizy,Yú,Ortiz,pZbuunybV5,dortizy@mailinator.com
cbrownz,Maëlys,Brown,OIfWFvvl,cbrownz@mailinator.com
flittle10,Mén,Little,99accgF,flittle10@mailinator.com
kgordon11,Dù,Gordon,pdw9XO,kgordon11@mailinator.com
kward12,Clélia,Ward,iRWYKgqH1h,kward12@mailinator.com
dbutler13,Félicie,Butler,0NX8YBehJiq,dbutler13@mailinator.com
lthomas14,Adèle,Thomas,2fKSCsxUJkI,lthomas14@mailinator.com
ekennedy15,Lauréna,Kennedy,NTh1vnDta,ekennedy15@mailinator.com
eharris16,Méng,Harris,odfmws0JpE,eharris16@mailinator.com
dhicks17,Maïly,Hicks,MbifKsov,dhicks17@mailinator.com
dgray18,Táng,Gray,NLmjjTO2fRI,dgray18@mailinator.com
skennedy19,Athéna,Kennedy,pgaz8805N78,skennedy19@mailinator.com
clawson1a,Michèle,Lawson,RlEIhSici8C,clawson1a@mailinator.com
sroberts1b,Méghane,Roberts,drOd9gm344P,sroberts1b@mailinator.com
lking1c,Aí,King,WgNfPD0ujn,lking1c@mailinator.com
nturner1d,Cunégonde,Turner,acDieE0o2,nturner1d@mailinator.com
wking1e,Mélodie,King,km0NToAEo,wking1e@mailinator.com
acarr1f,Kévina,Carr,d4s0FsLLdUQy,acarr1f@mailinator.com
aharrison1g,Erwéi,Harrison,it2nmA,aharrison1g@mailinator.com
sblack1h,Adélaïde,Black,2xtUrUnw,sblack1h@mailinator.com
imorales1i,Dafnée,Morales,bLJS3ZuG2k,imorales1i@mailinator.com
cwillis1j,Jú,Willis,w0IChnXs,cwillis1j@mailinator.com
jarmstrong1k,Nélie,Armstrong,gArseAAx,jarmstrong1k@mailinator.com
gwells1l,Kévina,Wells,GAIJzOaSj,gwells1l@mailinator.com
darnold1m,Aurélie,Arnold,TyL2dsh,darnold1m@mailinator.com
rferguson1n,Anaëlle,Ferguson,xdEb3wLl,rferguson1n@mailinator.com
rroberts1o,Marie-ève,Roberts,UmJuaGeC,rroberts1o@mailinator.com
shudson1p,Ruì,Hudson,uZvA6s,shudson1p@mailinator.com
kjacobs1q,Angélique,Jacobs,eHjVqm,kjacobs1q@mailinator.com
nriley1r,Zhì,Riley,JpboWb,nriley1r@mailinator.com
malexander1s,Maïlis,Alexander,flxvbUpz,malexander1s@mailinator.com
tgarza1t,Miléna,Garza,jzaPmGcmt,tgarza1t@mailinator.com
mnelson1u,Eliès,Nelson,qhEwHDDgA0P,mnelson1u@mailinator.com
gdunn1v,Daphnée,Dunn,UdRwVHR9C5n,gdunn1v@mailinator.com
pwallace1w,Loïca,Wallace,2DgWRGPe2sZ3,pwallace1w@mailinator.com
brobinson1x,Alizée,Robinson,ohcNP3d,brobinson1x@mailinator.com
gmoore1y,Hélèna,Moore,JNeorhWhnm,gmoore1y@mailinator.com
dcrawford1z,Eugénie,Crawford,3AGu2h,dcrawford1z@mailinator.com
ijordan20,Eugénie,Jordan,ihh1dr2kBW4,ijordan20@mailinator.com
jnelson21,Kévina,Nelson,BgR7a1ROwl,jnelson21@mailinator.com
inelson22,Mahélie,Nelson,7JgtiVYh,inelson22@mailinator.com
afowler23,Rébecca,Fowler,Hi8R4o4l1T,afowler23@mailinator.com
jrodriguez24,Léane,Rodriguez,qiLD1SsBn2HP,jrodriguez24@mailinator.com
jcoleman25,Océanne,Coleman,jVN5PcuX,jcoleman25@mailinator.com
srogers26,Maëlle,Rogers,4VhWvR,srogers26@mailinator.com
dreyes27,Marie-noël,Reyes,OhqGK3zVTyF,dreyes27@mailinator.com
rharvey28,Aurélie,Harvey,j177o70gfFri,rharvey28@mailinator.com
ckim29,Régine,Kim,N1cflG9X2JO,ckim29@mailinator.com
jjones2a,Táng,Jones,pYPr55u,jjones2a@mailinator.com
mspencer2b,Adélie,Spencer,EvbTfi1,mspencer2b@mailinator.com
rmontgomery2c,Léonie,Montgomery,mpBCRvML57,rmontgomery2c@mailinator.com
tsanchez2d,Céline,Sanchez,L9hhi2g,tsanchez2d@mailinator.com
shenry2e,Inès,Henry,sCVC3yr,shenry2e@mailinator.com
jgilbert2f,Léandre,Gilbert,dsFYfmkdu,jgilbert2f@mailinator.com
tharvey2g,Valérie,Harvey,BfoPmHpvGlJ,tharvey2g@mailinator.com
jbanks2h,Annotés,Banks,pnb44zJ,jbanks2h@mailinator.com
rpayne2i,Océanne,Payne,g9H4I3q3Nak,rpayne2i@mailinator.com
rpeters2j,Åslög,Peters,wPAyMqB05C,rpeters2j@mailinator.com
gwebb2k,Publicité,Webb,o24PcglC0,gwebb2k@mailinator.com
dbanks2l,Réservés,Banks,8nywaieHGu,dbanks2l@mailinator.com
cortiz2m,Véronique,Ortiz,d5HUDPNzj,cortiz2m@mailinator.com
jgibson2n,Pélagie,Gibson,2ATbo4js,jgibson2n@mailinator.com
estephens2o,Néhémie,Stephens,WsOTGHIk,estephens2o@mailinator.com
swright2p,Ophélie,Wright,g5vjyp,swright2p@mailinator.com
medwards2q,Simplifiés,Edwards,vYcd0OlEv,medwards2q@mailinator.com
ryoung2r,Danièle,Young,fDHyJ6zw,ryoung2r@mailinator.com
rriley2s,Eléa,Riley,PPqwGiAjWo59,rriley2s@mailinator.com
jperry2t,Irène,Perry,SkhnKkHutA7K,jperry2t@mailinator.com
pandrews2u,Dù,Andrews,FN2bYYQ9,pandrews2u@mailinator.com
rsnyder2v,Thérèse,Snyder,O4RW4WGaqydP,rsnyder2v@mailinator.com
jhart2w,Hélèna,Hart,2ZMsg8danK2,jhart2w@mailinator.com
hadams2x,Miléna,Adams,IoVWfqHI,hadams2x@mailinator.com
bhenderson2y,Maïté,Henderson,A0nJb2yTJr,bhenderson2y@mailinator.com
rbradley2z,Eliès,Bradley,gChxfR,rbradley2z@mailinator.com
kmurray30,Noémie,Murray,NyT9FfCxQcEV,kmurray30@mailinator.com
marmstrong31,Desirée,Armstrong,uW2hRwD,marmstrong31@mailinator.com
talexander32,Tán,Alexander,qPogyvok8,talexander32@mailinator.com
cfowler33,Andrée,Fowler,YiMePlx,cfowler33@mailinator.com
bnelson34,Eléa,Nelson,UePCWEeEJ9,bnelson34@mailinator.com
kgreene35,Médiamass,Greene,9NH2VAo2F6B,kgreene35@mailinator.com
knelson36,Rébecca,Nelson,TLtlRsFY7,knelson36@mailinator.com
jduncan37,Rébecca,Duncan,4hH18Vb4QIWT,jduncan37@mailinator.com
nmartin38,Sélène,Martin,7H9NbTQN3,nmartin38@mailinator.com
dtaylor39,Intéressant,Taylor,tH3eb9htNVF,dtaylor39@mailinator.com
adixon3a,Marie-thérèse,Dixon,XTHOfIVB4uF,adixon3a@mailinator.com
rmurray3b,Vérane,Murray,KpYRROrzOf,rmurray3b@mailinator.com
dfox3c,Laurène,Fox,2NYczhj,dfox3c@mailinator.com
ewarren3d,Måns,Warren,oVaQhTLjAW,ewarren3d@mailinator.com
rjames3e,Nadège,James,Rwm93DW,rjames3e@mailinator.com
talvarez3f,Angèle,Alvarez,Dw4euKVf,talvarez3f@mailinator.com
rallen3g,Daphnée,Allen,T679qp,rallen3g@mailinator.com
ngreene3h,Kuí,Greene,Apv3arp22,ngreene3h@mailinator.com
sray3i,Faîtes,Ray,AVdCYbE26t,sray3i@mailinator.com
kking3j,Sòng,King,t9SrfK,kking3j@mailinator.com
kwarren3k,Françoise,Warren,SKEvQP7,kwarren3k@mailinator.com
lcampbell3l,Océanne,Campbell,zUQ0fhhHXDY9,lcampbell3l@mailinator.com
dcarpenter3m,Mà,Carpenter,Bp5wOZkqIf,dcarpenter3m@mailinator.com
jfernandez3n,Aurélie,Fernandez,HUQbMv,jfernandez3n@mailinator.com
jporter3o,Gaëlle,Porter,4y6N3BNz9,jporter3o@mailinator.com
chenderson3p,Mylène,Henderson,U5vRCh,chenderson3p@mailinator.com
sgray3q,Lauréna,Gray,gq74kfHLDZ,sgray3q@mailinator.com
hrobertson3r,Françoise,Robertson,iskDcIbgOL,hrobertson3r@mailinator.com
randerson3s,Andréa,Anderson,YJd8whhDf,randerson3s@mailinator.com
jtorres3t,Estée,Torres,cfLSYS,jtorres3t@mailinator.com
amorrison3u,Noémie,Morrison,Xv5XReyz3vj,amorrison3u@mailinator.com
cpalmer3v,Mà,Palmer,63If5D,cpalmer3v@mailinator.com
bperez3w,Michèle,Perez,MDn2kT,bperez3w@mailinator.com
jalvarez3x,Pélagie,Alvarez,O62Ek3pE4V,jalvarez3x@mailinator.com
jstewart3y,Mégane,Stewart,tYGp5onrl,jstewart3y@mailinator.com
ahenry3z,Pò,Henry,YwRGRLfqz60,ahenry3z@mailinator.com
alynch40,Thérèsa,Lynch,bscwUF8nSf,alynch40@mailinator.com
ajackson41,Camélia,Jackson,6T4dIvtNyqzL,ajackson41@mailinator.com
acunningham42,Mélissandre,Cunningham,M4WE5VOkH,acunningham42@mailinator.com
ahamilton43,Intéressant,Hamilton,uIsgklhaPUlP,ahamilton43@mailinator.com
slawson44,Mélanie,Lawson,MCwz5JhR1Q,slawson44@mailinator.com
rwagner45,Pål,Wagner,GHZe2V4vR0O,rwagner45@mailinator.com
cpierce46,Mélodie,Pierce,bRFjFVJ7,cpierce46@mailinator.com
jgilbert47,Rachèle,Gilbert,mfW1bBF2,jgilbert47@mailinator.com
jmoreno48,Gösta,Moreno,hZGws5,jmoreno48@mailinator.com
creyes49,Zoé,Reyes,E3UJ3pAR8,creyes49@mailinator.com
schapman4a,Bérengère,Chapman,o0uRMmy1,schapman4a@mailinator.com
sjames4b,Adélaïde,James,cPXAIj36,sjames4b@mailinator.com
ajames4c,Illustrée,James,JTQRgJN9Y,ajames4c@mailinator.com
jbrooks4d,Magdalène,Brooks,nW93yMI,jbrooks4d@mailinator.com
pholmes4e,Hélèna,Holmes,kAKp93d,pholmes4e@mailinator.com
mreynolds4f,Mårten,Reynolds,qTfmVXZ4D,mreynolds4f@mailinator.com
kperkins4g,Camélia,Perkins,CAFjsIxDYe,kperkins4g@mailinator.com
emccoy4h,Andrée,Mccoy,f6ZRHZ,emccoy4h@mailinator.com
jsanders4i,Jú,Sanders,6c3Rq7nYJQr,jsanders4i@mailinator.com
dstone4j,Illustrée,Stone,NjwU07lZjCcT,dstone4j@mailinator.com
tstewart4k,Eloïse,Stewart,rkaIssSVIM,tstewart4k@mailinator.com
jwilliams4l,Célia,Williams,iXVCSWQ,jwilliams4l@mailinator.com
eromero4m,Maïwenn,Romero,If5THh3,eromero4m@mailinator.com
lporter4n,Adélie,Porter,v2OhNEomw0,lporter4n@mailinator.com
srussell4o,Lóng,Russell,Fp9wgdTnDU,srussell4o@mailinator.com
jwatson4p,Sòng,Watson,ff4MTTD,jwatson4p@mailinator.com
kblack4q,Marie-josée,Black,dNf5YK5Bz,kblack4q@mailinator.com
jtucker4r,Aurélie,Tucker,mtSiXl,jtucker4r@mailinator.com
bwarren4s,Yè,Warren,0UMZT64awp,bwarren4s@mailinator.com
sriley4t,Gaétane,Riley,hKyjHkTOs8b4,sriley4t@mailinator.com
wmitchell4u,Marie-josée,Mitchell,Lq0cCSXCJY3,wmitchell4u@mailinator.com
kbishop4v,Laurélie,Bishop,ygplNdjxg,kbishop4v@mailinator.com
ejones4w,Dà,Jones,cVTxUC9,ejones4w@mailinator.com
cparker4x,Eugénie,Parker,yRUR9akH,cparker4x@mailinator.com
drogers4y,Faîtes,Rogers,SXx2heNpXDz,drogers4y@mailinator.com
dcarpenter4z,Ophélie,Carpenter,a21zeDyEkA,dcarpenter4z@mailinator.com
vcoleman50,Valérie,Coleman,w5fX6fq,vcoleman50@mailinator.com
mmccoy51,Lyséa,Mccoy,oOKtc7M,mmccoy51@mailinator.com
ebrooks52,Cléa,Brooks,CYgwmHK,ebrooks52@mailinator.com
hdavis53,Véronique,Davis,evdPwV,hdavis53@mailinator.com
asmith54,Léa,Smith,OCmB4h0ei8n,asmith54@mailinator.com
jbowman55,Frédérique,Bowman,9YwPUlTZIex,jbowman55@mailinator.com
jwagner56,Måns,Wagner,AIOfS8jBo,jwagner56@mailinator.com
tjames57,Josée,James,KuV4RdgS0VtP,tjames57@mailinator.com
aromero58,Bénédicte,Romero,Ep52Pm6,aromero58@mailinator.com
rsims59,Göran,Sims,JxQjGv6MT5,rsims59@mailinator.com
etaylor5a,Börje,Taylor,yUyUYwKHL,etaylor5a@mailinator.com
aharrison5b,Séréna,Harrison,XKnXvDtIKg,aharrison5b@mailinator.com
sellis5c,Maïlis,Ellis,9y3opKbe,sellis5c@mailinator.com
sbradley5d,André,Bradley,cxatTFVLW,sbradley5d@mailinator.com
apayne5e,Loïs,Payne,y4oyCxK,apayne5e@mailinator.com
jalexander5f,Vénus,Alexander,sE8qGK,jalexander5f@mailinator.com
hjohnston5g,Wá,Johnston,uqXerj,hjohnston5g@mailinator.com
jcox5h,Yáo,Cox,fV5Nlq,jcox5h@mailinator.com
etorres5i,Médiamass,Torres,zxagdGY,etorres5i@mailinator.com
mboyd5j,Frédérique,Boyd,WYWKeV9gmVLd,mboyd5j@mailinator.com
egordon5k,Tú,Gordon,6eIgjYAQ7e,egordon5k@mailinator.com
arivera5l,Maï,Rivera,nopmsM2guAgS,arivera5l@mailinator.com
ijames5m,Nadège,James,3MovvuG,ijames5m@mailinator.com
tclark5n,Kuí,Clark,NTzH2VOA,tclark5n@mailinator.com
dwebb5o,Mén,Webb,v7YEdrbmEY,dwebb5o@mailinator.com
hsnyder5p,Eléa,Snyder,6PeXKW,hsnyder5p@mailinator.com
jgarcia5q,Miléna,Garcia,zNV6UwdoJ,jgarcia5q@mailinator.com
galexander5r,Audréanne,Alexander,rBNmfKw,galexander5r@mailinator.com
mward5s,Léonore,Ward,0ulgju2,mward5s@mailinator.com
ahart5t,Séréna,Hart,oe0KdZ,ahart5t@mailinator.com
jgriffin5u,Edmée,Griffin,veyJux4wU,jgriffin5u@mailinator.com
hgray5v,Mélodie,Gray,FLwd4aw,hgray5v@mailinator.com
jfrazier5w,Andréa,Frazier,eGgAuQ4NjZ,jfrazier5w@mailinator.com
bcruz5x,Thérèsa,Cruz,We1TmcazlOsl,bcruz5x@mailinator.com
amedina5y,Hélène,Medina,796NSb,amedina5y@mailinator.com
hsmith5z,Marlène,Smith,dMVzFbt,hsmith5z@mailinator.com
gbrooks60,Nadège,Brooks,hd7P4IgGB,gbrooks60@mailinator.com
rbryant61,Cloé,Bryant,NRaibmMa3,rbryant61@mailinator.com
rmitchell62,Aí,Mitchell,PDmp8tCjcKI,rmitchell62@mailinator.com
cward63,Lén,Ward,RnnNONVtMe,cward63@mailinator.com
rwagner64,Miléna,Wagner,ndN5SGpHLE,rwagner64@mailinator.com
jchapman65,Gösta,Chapman,MtnJd13snr,jchapman65@mailinator.com
jwatkins66,Célestine,Watkins,RJHWDJxEHK,jwatkins66@mailinator.com
mdiaz67,Stévina,Diaz,qwjOsc,mdiaz67@mailinator.com
cnichols68,Réjane,Nichols,4cJWQ1,cnichols68@mailinator.com
jwilliamson69,Gösta,Williamson,K6a7dsAf,jwilliamson69@mailinator.com
sbaker6a,Bérangère,Baker,vDtGqw,sbaker6a@mailinator.com
aandrews6b,Camélia,Andrews,tIPgKuD37SPn,aandrews6b@mailinator.com
lbailey6c,Aloïs,Bailey,k5fOd7,lbailey6c@mailinator.com
kmoreno6d,Célestine,Moreno,p31S1SyLxXrb,kmoreno6d@mailinator.com
rrobinson6e,Kuí,Robinson,K7CTr5,rrobinson6e@mailinator.com
achapman6f,Naëlle,Chapman,3JJByEhF,achapman6f@mailinator.com
kphillips6g,Naëlle,Phillips,RWVBQEC,kphillips6g@mailinator.com
jburke6h,Andréanne,Burke,s05rZJL4t,jburke6h@mailinator.com
jshaw6i,Nuó,Shaw,x4y6bq,jshaw6i@mailinator.com
schapman6j,Aimée,Chapman,RvCH7lK7qS,schapman6j@mailinator.com
mkelley6k,Faîtes,Kelley,NZvaND,mkelley6k@mailinator.com
jpeterson6l,Danièle,Peterson,otDxKKPCl5e,jpeterson6l@mailinator.com
dday6m,Annotés,Day,JWjamKH,dday6m@mailinator.com
toliver6n,Amélie,Oliver,RcDThW,toliver6n@mailinator.com
aperkins6o,Séverine,Perkins,1JbyMMgj,aperkins6o@mailinator.com
nburton6p,Lèi,Burton,ANsLRm7qCnYn,nburton6p@mailinator.com
kfields6q,Mégane,Fields,IumN3mYwiQ48,kfields6q@mailinator.com
acruz6r,Clémentine,Cruz,8sceEkLF70,acruz6r@mailinator.com
bhoward6s,Mélanie,Howard,ADSN8dQmR,bhoward6s@mailinator.com
hbanks6t,Pål,Banks,VWB8Ml3rD,hbanks6t@mailinator.com
bfrazier6u,Naéva,Frazier,GDNyfI4,bfrazier6u@mailinator.com
kbowman6v,Thérèsa,Bowman,y139qk9CvIuo,kbowman6v@mailinator.com
rstanley6w,Zoé,Stanley,wwFjgn5Fk4Hq,rstanley6w@mailinator.com
kalvarez6x,Séverine,Alvarez,TBrNzdTOfa6Y,kalvarez6x@mailinator.com
hsnyder6y,Bénédicte,Snyder,qrycA1U1,hsnyder6y@mailinator.com
athomas6z,Gisèle,Thomas,ssKbXjKGpWL,athomas6z@mailinator.com
clane70,Yú,Lane,TXnCll8LzNH,clane70@mailinator.com
nflores71,Börje,Flores,jLvVLvrwBXL,nflores71@mailinator.com
ejenkins72,Stévina,Jenkins,1xJV6YZkQ3,ejenkins72@mailinator.com
egarrett73,Aloïs,Garrett,8noI1AnC7,egarrett73@mailinator.com
awatkins74,Mélinda,Watkins,HQxK4F,awatkins74@mailinator.com
tbanks75,Cléa,Banks,IxGXomAwuSt,tbanks75@mailinator.com
mortiz76,Cécilia,Ortiz,H9nEZRXSv,mortiz76@mailinator.com
nsimmons77,Uò,Simmons,zET6nY,nsimmons77@mailinator.com
cphillips78,Pò,Phillips,Zjp6Jxb8,cphillips78@mailinator.com
asanders79,Liè,Sanders,ZzF41llFPE,asanders79@mailinator.com
ahanson7a,Desirée,Hanson,U77bpwWIj,ahanson7a@mailinator.com
sreyes7b,Adèle,Reyes,AYUuUkq,sreyes7b@mailinator.com
cpowell7c,Lorène,Powell,GrTshKm4,cpowell7c@mailinator.com
brobinson7d,Desirée,Robinson,D8FQIosLWP,brobinson7d@mailinator.com
cmorales7e,Erwéi,Morales,Kz5R5hmHUMQ,cmorales7e@mailinator.com
swebb7f,Nuó,Webb,86fPG7ht,swebb7f@mailinator.com
ggonzalez7g,Pélagie,Gonzalez,4WVgfT02,ggonzalez7g@mailinator.com
tcruz7h,Marie-françoise,Cruz,6s1oRZCLVMi,tcruz7h@mailinator.com
jmorgan7i,Dorothée,Morgan,2typu792,jmorgan7i@mailinator.com
kwatson7j,Garçon,Watson,Ni5aYI1M,kwatson7j@mailinator.com
nellis7k,Maïwenn,Ellis,YTHD8CAdlay,nellis7k@mailinator.com
tperry7l,Clémence,Perry,nyyWc8Hdvz,tperry7l@mailinator.com
bsimpson7m,Léane,Simpson,KwmCzEgdPU,bsimpson7m@mailinator.com
amurphy7n,Léonie,Murphy,3zrxxr9R,amurphy7n@mailinator.com
cromero7o,Andréanne,Romero,1DFY22,cromero7o@mailinator.com
jcole7p,Mélanie,Cole,ajdpFK,jcole7p@mailinator.com
pweaver7q,Maéna,Weaver,DHKk6raF9,pweaver7q@mailinator.com
jflores7r,Loïc,Flores,nwKQc9,jflores7r@mailinator.com
candrews7s,Vérane,Andrews,TpTgKQt0pE4,candrews7s@mailinator.com
jgarcia7t,Magdalène,Garcia,dkkMYmdtZ,jgarcia7t@mailinator.com
spayne7u,Léone,Payne,e8AD0J04L6,spayne7u@mailinator.com
shansen7v,Åke,Hansen,G6V7z3,shansen7v@mailinator.com
jpatterson7w,Léonore,Patterson,LNZ22M,jpatterson7w@mailinator.com
rpowell7x,Desirée,Powell,7p0UJs8vHxB,rpowell7x@mailinator.com
marnold7y,Håkan,Arnold,gGp9Bv4zbIfX,marnold7y@mailinator.com
cschmidt7z,Zhì,Schmidt,kmxsIUO6h2D,cschmidt7z@mailinator.com
kdixon80,Torbjörn,Dixon,gr5DjV0Wou,kdixon80@mailinator.com
kwagner81,Amélie,Wagner,r28rjSt0B,kwagner81@mailinator.com
dmorgan82,Marie-thérèse,Morgan,rwPCHLbV,dmorgan82@mailinator.com
cwhite83,Kù,White,MGyFSUMk,cwhite83@mailinator.com
blee84,Kallisté,Lee,VO9hqsNY,blee84@mailinator.com
smoore85,Léa,Moore,Sj3htXaeJB,smoore85@mailinator.com
janderson86,Gwenaëlle,Anderson,6u20Rh,janderson86@mailinator.com
gpowell87,Simplifiés,Powell,YNv1u7nC,gpowell87@mailinator.com
jbowman88,Cécilia,Bowman,g87WPK6xcV,jbowman88@mailinator.com
kpalmer89,Estève,Palmer,zlENUlv,kpalmer89@mailinator.com
rnguyen8a,Marylène,Nguyen,K888RkTs2WNR,rnguyen8a@mailinator.com
rfowler8b,Méline,Fowler,9cvnd3AEVdfg,rfowler8b@mailinator.com
tmason8c,Anaïs,Mason,9YYNdPH,tmason8c@mailinator.com
jlittle8d,Aí,Little,Ob8UFygV,jlittle8d@mailinator.com
cfernandez8e,Laïla,Fernandez,WnDkPSvCFN,cfernandez8e@mailinator.com
jwilson8f,Joséphine,Wilson,l9ztlo16X267,jwilson8f@mailinator.com
jgrant8g,Eugénie,Grant,QT5AxCngWqi,jgrant8g@mailinator.com
paustin8h,Solène,Austin,4lrXBspm,paustin8h@mailinator.com
jdixon8i,Faîtes,Dixon,fuCemhNGZk3,jdixon8i@mailinator.com
jcruz8j,Andrée,Cruz,fUgEXxHGC,jcruz8j@mailinator.com
rdixon8k,Maïwenn,Dixon,4vPHZhNobm,rdixon8k@mailinator.com
kwalker8l,Laurène,Walker,CPA5cd,kwalker8l@mailinator.com
bmurphy8m,Géraldine,Murphy,nFHFf78,bmurphy8m@mailinator.com
mstephens8n,Solène,Stephens,wpveI3lxZ,mstephens8n@mailinator.com
rdunn8o,Stévina,Dunn,DUyrfmSLWMf,rdunn8o@mailinator.com
fstanley8p,Maéna,Stanley,yrhaKLFny2S,fstanley8p@mailinator.com
rjames8q,Pål,James,o4L6vskOG671,rjames8q@mailinator.com
mshaw8r,Stéphanie,Shaw,xPRokxrqSNn,mshaw8r@mailinator.com
knichols8s,Vérane,Nichols,LQuLDkrom5A,knichols8s@mailinator.com
jmcdonald8t,Nadège,Mcdonald,kqD5hqpyZr,jmcdonald8t@mailinator.com
calvarez8u,Athéna,Alvarez,zvnnAZ,calvarez8u@mailinator.com
vbell8v,Bénédicte,Bell,DnylfS,vbell8v@mailinator.com
moliver8w,Tú,Oliver,d0wmI3Gu2G,moliver8w@mailinator.com
chudson8x,Märta,Hudson,nE3XxswB7yK,chudson8x@mailinator.com
sanderson8y,Maëlyss,Anderson,Juzkdig7Y5,sanderson8y@mailinator.com
lmatthews8z,Cinéma,Matthews,W8q9LKmeyH,lmatthews8z@mailinator.com
dsimmons90,Mélissandre,Simmons,vlng4IrPfi,dsimmons90@mailinator.com
lduncan91,Séverine,Duncan,ajr0Y1,lduncan91@mailinator.com
eward92,Marie-hélène,Ward,daGNKJuYjF,eward92@mailinator.com
cgeorge93,Annotée,George,X24IKdkv,cgeorge93@mailinator.com
promero94,Laurène,Romero,uOBWjbO,promero94@mailinator.com
csanders95,Dù,Sanders,1xygWKbX2,csanders95@mailinator.com
sscott96,Ruì,Scott,ri2utCJSK3,sscott96@mailinator.com
mjacobs97,Almérinda,Jacobs,0vO7Izz2go2J,mjacobs97@mailinator.com
mgarrett98,Séverine,Garrett,AduL0GhwWU,mgarrett98@mailinator.com
acarroll99,Maï,Carroll,i2MGfaP7E,acarroll99@mailinator.com
mjohnson9a,Dù,Johnson,AwkpM1in4n,mjohnson9a@mailinator.com
sthomas9b,Publicité,Thomas,QDKWcRBJ0E,sthomas9b@mailinator.com
mmurphy9c,Noémie,Murphy,TlVWsGWN,mmurphy9c@mailinator.com
lgardner9d,Aí,Gardner,2Q5OA4bEIRE,lgardner9d@mailinator.com
jandrews9e,Mégane,Andrews,upL32E6Z8Y,jandrews9e@mailinator.com
bjohnson9f,Maëlys,Johnson,9xRlurd8KX,bjohnson9f@mailinator.com
jfrazier9g,Laurélie,Frazier,4gGjqT,jfrazier9g@mailinator.com
gchapman9h,Gwenaëlle,Chapman,bFjuLhDwIO,gchapman9h@mailinator.com
jhayes9i,Maïlis,Hayes,A4YXTUab7jyz,jhayes9i@mailinator.com
jkennedy9j,Laurélie,Kennedy,cRusjOclCuc,jkennedy9j@mailinator.com
sholmes9k,Zoé,Holmes,Hb3Tgb9CXm1,sholmes9k@mailinator.com
ryoung9l,Görel,Young,uTu6UOY,ryoung9l@mailinator.com
rdean9m,Frédérique,Dean,GNpKyiN7rqds,rdean9m@mailinator.com
vfoster9n,Rachèle,Foster,Kbg7zvcb,vfoster9n@mailinator.com
bwelch9o,Marlène,Welch,ZMa6y4rHFB,bwelch9o@mailinator.com
bchapman9p,Irène,Chapman,qvKCGxI,bchapman9p@mailinator.com
rbradley9q,Anaïs,Bradley,I4MX1UTSYC1,rbradley9q@mailinator.com
bgrant9r,Bérangère,Grant,2ngENcCWiALG,bgrant9r@mailinator.com
pwilson9s,Eléonore,Wilson,IJ5a87A2262,pwilson9s@mailinator.com
cwagner9t,Yú,Wagner,SGuyLk,cwagner9t@mailinator.com
trichardson9u,Zhì,Richardson,96Ra8ixv,trichardson9u@mailinator.com
cbishop9v,Björn,Bishop,Z5P2IRy5mRxT,cbishop9v@mailinator.com
rmcdonald9w,Annotée,Mcdonald,6AoERIHOUeUr,rmcdonald9w@mailinator.com
cbarnes9x,Maëlla,Barnes,1eYwcLGR,cbarnes9x@mailinator.com
kmendoza9y,Aimée,Mendoza,JiGn7R6B,kmendoza9y@mailinator.com
cfreeman9z,Bérénice,Freeman,gzT4UZw4tsET,cfreeman9z@mailinator.com
aarnolda0,Naéva,Arnold,e077uynR,aarnolda0@mailinator.com
agarretta1,Yè,Garrett,FkqU5Dsp9t0,agarretta1@mailinator.com
rwatsona2,Maëlle,Watson,gxHhn9AL,rwatsona2@mailinator.com
grodrigueza3,Gaëlle,Rodriguez,nnGMWh,grodrigueza3@mailinator.com
sadamsa4,Zoé,Adams,Jadi3jvGcIL1,sadamsa4@mailinator.com
mmatthewsa5,Maëlle,Matthews,onArK8roQEC,mmatthewsa5@mailinator.com
abarnesa6,Amélie,Barnes,V8rGLv,abarnesa6@mailinator.com
jdiaza7,Anaïs,Diaz,JOBmB6i,jdiaza7@mailinator.com
tjacobsa8,Eliès,Jacobs,oklgfsdeO9uq,tjacobsa8@mailinator.com
scolemana9,Gaïa,Coleman,o2mD4yIFj,scolemana9@mailinator.com
khansonaa,Béatrice,Hanson,rNNFDgBP,khansonaa@mailinator.com
jwilliamsonab,Léana,Williamson,HysHVEA,jwilliamsonab@mailinator.com
sjacksonac,Chloé,Jackson,FAYSrV,sjacksonac@mailinator.com
breynoldsad,Lyséa,Reynolds,VH0LFnNn,breynoldsad@mailinator.com
dreedae,Maïté,Reed,t6ZhRg7dW,dreedae@mailinator.com
lshawaf,Eloïse,Shaw,w6ZYs0lo,lshawaf@mailinator.com
jwheelerag,Léandre,Wheeler,aZr13R,jwheelerag@mailinator.com
bgilbertah,Åsa,Gilbert,BGZJyEubf,bgilbertah@mailinator.com
jstanleyai,Cléa,Stanley,4N6kY8o2WeG,jstanleyai@mailinator.com
dbrownaj,Anaël,Brown,ePIlX6,dbrownaj@mailinator.com
dlongak,Aurélie,Long,WuqwucQVWz,dlongak@mailinator.com
pthomasal,Adélaïde,Thomas,phPicVIq,pthomasal@mailinator.com
sellisam,Lài,Ellis,6LQNVC9qR,sellisam@mailinator.com
tcarran,Clémence,Carr,NdEzX04mHq7,tcarran@mailinator.com
areyesao,Estée,Reyes,f5Nw0G5HpAI,areyesao@mailinator.com
scarpenterap,Yóu,Carpenter,Yss3DV1Twc,scarpenterap@mailinator.com
jburtonaq,Maï,Burton,uwjryyD,jburtonaq@mailinator.com
rlanear,Maïlys,Lane,DJWEMAUGG,rlanear@mailinator.com
kbellas,Maïlis,Bell,g9Kspu7TvNYZ,kbellas@mailinator.com
gharrisat,Mà,Harris,Dn9uzoGIlnNK,gharrisat@mailinator.com
khowardau,Noëlla,Howard,dDd40vq2c,khowardau@mailinator.com
emillsav,Lucrèce,Mills,UgHMHNNN,emillsav@mailinator.com
kmendozaaw,Intéressant,Mendoza,HA7fKbSYb,kmendozaaw@mailinator.com
gmyersax,Thérèsa,Myers,CYG8Vcen,gmyersax@mailinator.com
spalmeray,Bérénice,Palmer,UoQBv0OJBV,spalmeray@mailinator.com
hreidaz,Océanne,Reid,1KHTa1jM9,hreidaz@mailinator.com
bbryantb0,Solène,Bryant,fEsqy6,bbryantb0@mailinator.com
jburnsb1,Estève,Burns,s8FJpcq6,jburnsb1@mailinator.com
jkennedyb2,Françoise,Kennedy,oiS6fMjMTuC,jkennedyb2@mailinator.com
delliottb3,Eléonore,Elliott,mpfP5fmDN,delliottb3@mailinator.com
rdiazb4,Tán,Diaz,XcXh7NAZxOKl,rdiazb4@mailinator.com
jthompsonb5,Mahélie,Thompson,LDGkj5Kjlh8,jthompsonb5@mailinator.com
dperkinsb6,Léane,Perkins,WABqtXxXxoB,dperkinsb6@mailinator.com
tstevensb7,Eléonore,Stevens,q7UUASkv,tstevensb7@mailinator.com
drichardsb8,Félicie,Richards,Oxpe2Cf,drichardsb8@mailinator.com
bbrownb9,Océanne,Brown,7Egv8BnYSOsF,bbrownb9@mailinator.com
sramirezba,Lóng,Ramirez,VvUfshi3,sramirezba@mailinator.com
gkellybb,Publicité,Kelly,l2JnqIBi,gkellybb@mailinator.com
ktuckerbc,Camélia,Tucker,lbSAT387e,ktuckerbc@mailinator.com
jruizbd,Méng,Ruiz,2UlKOBtTbDG,jruizbd@mailinator.com
bfloresbe,Renée,Flores,RY7zuqjtUQQ,bfloresbe@mailinator.com
tharperbf,Pò,Harper,WicwKzD36,tharperbf@mailinator.com
clawrencebg,Marie-ève,Lawrence,hiSBCSUW6yJ,clawrencebg@mailinator.com
wjordanbh,Eléa,Jordan,DzUjMUZIv2,wjordanbh@mailinator.com
csullivanbi,Clémentine,Sullivan,SpAdLM8nQkCE,csullivanbi@mailinator.com
mjacobsbj,Vénus,Jacobs,heUYribPc,mjacobsbj@mailinator.com
jfernandezbk,Laurène,Fernandez,aD5czlXwk,jfernandezbk@mailinator.com
rpricebl,Mén,Price,sk7YQw,rpricebl@mailinator.com
challbm,Táng,Hall,Q3i0FG,challbm@mailinator.com
ssullivanbn,Nélie,Sullivan,TNBeXilJjUPS,ssullivanbn@mailinator.com
nhughesbo,Lyséa,Hughes,k2BxiBxaqLhH,nhughesbo@mailinator.com
kcarrbp,Andrée,Carr,ODYJXo8N,kcarrbp@mailinator.com
pdavisbq,Adélaïde,Davis,oY0VsxC6Tn,pdavisbq@mailinator.com
djohnsonbr,Léone,Johnson,nUVzGLsCtUn,djohnsonbr@mailinator.com
lfisherbs,Mélanie,Fisher,aIiIgm,lfisherbs@mailinator.com
nkennedybt,Tán,Kennedy,FypvRdbUib,nkennedybt@mailinator.com
bortizbu,Dù,Ortiz,1COOzrO,bortizbu@mailinator.com
rbaileybv,Aloïs,Bailey,8u0qix,rbaileybv@mailinator.com
bfowlerbw,Andréanne,Fowler,zZjcO4cG,bfowlerbw@mailinator.com
poliverbx,Maëly,Oliver,3ITJcHcZ3lCs,poliverbx@mailinator.com
jhernandezby,Félicie,Hernandez,LIZxiirY7zn,jhernandezby@mailinator.com
shunterbz,Crééz,Hunter,Pj7CiZR,shunterbz@mailinator.com
jgriffinc0,Mårten,Griffin,hqdeA21QK,jgriffinc0@mailinator.com
sruizc1,Marie-noël,Ruiz,Nzm3CcVp4DOf,sruizc1@mailinator.com
tscottc2,Audréanne,Scott,6UjPSkNSIAA,tscottc2@mailinator.com
jmartinezc3,Lài,Martinez,crm2IklcCH8p,jmartinezc3@mailinator.com
alawsonc4,Yè,Lawson,OMIW0C,alawsonc4@mailinator.com
dfoxc5,Sélène,Fox,eMBh6Cs,dfoxc5@mailinator.com
jlewisc6,Clémentine,Lewis,vMRytkuD,jlewisc6@mailinator.com
jleec7,Liè,Lee,gH3oxXWtw1,jleec7@mailinator.com
pperkinsc8,Ráo,Perkins,ZStYvUQbZFh,pperkinsc8@mailinator.com
rphillipsc9,Åslög,Phillips,B876viLrGP,rphillipsc9@mailinator.com
jwalkerca,Frédérique,Walker,ZId0Yo6,jwalkerca@mailinator.com
dhansoncb,Lèi,Hanson,xEQN6r0,dhansoncb@mailinator.com
lkimcc,Méline,Kim,6bU6xp,lkimcc@mailinator.com
pharveycd,Thérèse,Harvey,U1cmQaDKu,pharveycd@mailinator.com
agrantce,Mén,Grant,jr4cVqin,agrantce@mailinator.com
rraycf,Gaïa,Ray,IvfHbjFpRV,rraycf@mailinator.com
rcollinscg,Adèle,Collins,dZhGK9jkOA,rcollinscg@mailinator.com
druizch,Cécilia,Ruiz,ucuJy7ffUzF,druizch@mailinator.com
tgardnerci,Zoé,Gardner,zba3DYsG1T,tgardnerci@mailinator.com
mrileycj,Amélie,Riley,vziW9R6fMO72,mrileycj@mailinator.com
mhallck,Vénus,Hall,3kmOXQhZSmD,mhallck@mailinator.com
ealexandercl,Joséphine,Alexander,kO6yuKT6k13v,ealexandercl@mailinator.com
tlongcm,Aimée,Long,ABiM1M5NVh,tlongcm@mailinator.com
rfullercn,Anaïs,Fuller,8YslGB,rfullercn@mailinator.com
padamsco,Lyséa,Adams,TRMjeoWc,padamsco@mailinator.com
awoodcp,Lucrèce,Wood,2h0P4r,awoodcp@mailinator.com
jaustincq,Cécile,Austin,N9RmVaqbsS1,jaustincq@mailinator.com
nmorgancr,Athéna,Morgan,4daDfir,nmorgancr@mailinator.com
bchapmancs,Laïla,Chapman,Lkea3WVC0l,bchapmancs@mailinator.com
fholmesct,Styrbjörn,Holmes,ZFPes2Q,fholmesct@mailinator.com
jlanecu,Ophélie,Lane,1ezggcj,jlanecu@mailinator.com
jlongcv,Mén,Long,QUAYf4,jlongcv@mailinator.com
bjamescw,Laurélie,James,4VHj75WgL,bjamescw@mailinator.com
aryancx,Mahélie,Ryan,FFpeeCO2i,aryancx@mailinator.com
rfostercy,Andréanne,Foster,87JaqdP4M,rfostercy@mailinator.com
ekingcz,Célestine,King,Y7DWGx,ekingcz@mailinator.com
jhansond0,Maïwenn,Hanson,cg6CzV,jhansond0@mailinator.com
mstephensd1,Solène,Stephens,rSqTsK3a,mstephensd1@mailinator.com
bcollinsd2,Naëlle,Collins,pwrkGUNm,bcollinsd2@mailinator.com
rmorrisd3,Clémence,Morris,FLNoOcZBLd,rmorrisd3@mailinator.com
jbradleyd4,Aimée,Bradley,df9ivkk,jbradleyd4@mailinator.com
jandersond5,Michèle,Anderson,gN7Brrn,jandersond5@mailinator.com
cthomasd6,Mylène,Thomas,Rl6EiB,cthomasd6@mailinator.com
lsimsd7,Aloïs,Sims,m3790B7kA7,lsimsd7@mailinator.com
hsullivand8,Lèi,Sullivan,yiWgM2tewY,hsullivand8@mailinator.com
sbradleyd9,Håkan,Bradley,3otJoHZ,sbradleyd9@mailinator.com
bclarkda,Adélaïde,Clark,vbENAdpqC,bclarkda@mailinator.com
eharrisondb,Joséphine,Harrison,mD9T0MQ,eharrisondb@mailinator.com
agreendc,Jú,Green,eP2SNu5G4,agreendc@mailinator.com
cwoodsdd,Hélèna,Woods,piTVnFmkwrFE,cwoodsdd@mailinator.com
bjacksonde,Gaëlle,Jackson,xA7fXjT,bjacksonde@mailinator.com
wburtondf,Camélia,Burton,Vbi6yJP5,wburtondf@mailinator.com
rhudsondg,Cécile,Hudson,l6NMoAeD,rhudsondg@mailinator.com
sreynoldsdh,Thérèse,Reynolds,33FmyoAv,sreynoldsdh@mailinator.com
bbennettdi,Irène,Bennett,wmh2491k2JYx,bbennettdi@mailinator.com
mmurraydj,Rébecca,Murray,6o2ZakXGUSua,mmurraydj@mailinator.com
kgriffindk,Nuó,Griffin,u5NfFKQs526,kgriffindk@mailinator.com
arosedl,Stéphanie,Rose,IyQwAOoj,arosedl@mailinator.com
cmccoydm,Thérèsa,Mccoy,2u87IfAbNTne,cmccoydm@mailinator.com
pgordondn,Bérengère,Gordon,GAI1zW,pgordondn@mailinator.com
dandrewsdo,Gisèle,Andrews,Lk4U98,dandrewsdo@mailinator.com
msimsdp,Adèle,Sims,8S4xjUxqUK8,msimsdp@mailinator.com
awagnerdq,Anaé,Wagner,IWG4mPB,awagnerdq@mailinator.com
vgraydr,Gaëlle,Gray,OjJkKnmf,vgraydr@mailinator.com
dmedinads,Vénus,Medina,rUX9pMBEys7,dmedinads@mailinator.com
pturnerdt,Aí,Turner,EEZbun9fCn,pturnerdt@mailinator.com
bevansdu,Miléna,Evans,msSCCoZ,bevansdu@mailinator.com
hhartdv,Maëline,Hart,6bLEXowLnoeE,hhartdv@mailinator.com
agardnerdw,Séréna,Gardner,4hWrzFlN,agardnerdw@mailinator.com
krichardsdx,Fèi,Richards,BNhW26x9MA1t,krichardsdx@mailinator.com
shawkinsdy,Kévina,Hawkins,4UgiE2K1,shawkinsdy@mailinator.com
klynchdz,Vénus,Lynch,rY1OUbvinok,klynchdz@mailinator.com
fmedinae0,Maïly,Medina,X9XNJyWZ8N,fmedinae0@mailinator.com
ktorrese1,Mélys,Torres,qK0XwKxlL7t4,ktorrese1@mailinator.com
bthomase2,Salomé,Thomas,wg4hB2EBU,bthomase2@mailinator.com
relliotte3,Réjane,Elliott,yTyzYcI4KB,relliotte3@mailinator.com
kphillipse4,Noémie,Phillips,9xxuKVo,kphillipse4@mailinator.com
bmartine5,Solène,Martin,N2Bsen,bmartine5@mailinator.com
cnguyene6,Marie-noël,Nguyen,DyBPuJ,cnguyene6@mailinator.com
jmarshalle7,Dù,Marshall,eNefvVF,jmarshalle7@mailinator.com
tlawrencee8,Björn,Lawrence,2Utcu7IQ,tlawrencee8@mailinator.com
brodrigueze9,Clémentine,Rodriguez,22wvOq1oZWWx,brodrigueze9@mailinator.com
jcoxea,Desirée,Cox,Ja4nNFELl00,jcoxea@mailinator.com
alaneeb,Dorothée,Lane,P5RffNx,alaneeb@mailinator.com
jbryantec,Almérinda,Bryant,77gucak,jbryantec@mailinator.com
phudsoned,Aimée,Hudson,iA53WJy,phudsoned@mailinator.com
jtayloree,Gaïa,Taylor,F7nhSuHLoTp,jtayloree@mailinator.com
jharrisef,Bérengère,Harris,kLyb16,jharrisef@mailinator.com
saustineg,Personnalisée,Austin,RDI21mlhUBh,saustineg@mailinator.com
gspencereh,Thérèse,Spencer,bcd6TjZRGb,gspencereh@mailinator.com
akennedyei,Lorène,Kennedy,zKDdOv,akennedyei@mailinator.com
dfloresej,Andréa,Flores,mRQbxs9F,dfloresej@mailinator.com
gphillipsek,Maëlann,Phillips,0JUyfijV,gphillipsek@mailinator.com
rsanchezel,Tú,Sanchez,LPv1daUN,rsanchezel@mailinator.com
belliottem,Angèle,Elliott,4Xn7nSB6n,belliottem@mailinator.com
gchapmanen,Dafnée,Chapman,CmwYQao6,gchapmanen@mailinator.com
grusselleo,Célestine,Russell,bEtoqUmJ7hh0,grusselleo@mailinator.com
jmartinep,Ráo,Martin,BF9RGyP,jmartinep@mailinator.com
ewallaceeq,Gisèle,Wallace,CEriFcXr,ewallaceeq@mailinator.com
mwooder,Åke,Wood,Nx5lKnEfwZ,mwooder@mailinator.com
jvasquezes,Réjane,Vasquez,9m8ZJZFvJU,jvasquezes@mailinator.com
mrayet,Célestine,Ray,VfQMG6,mrayet@mailinator.com
wdaviseu,Kévina,Davis,iOUNk88Om,wdaviseu@mailinator.com
plewisev,Aurélie,Lewis,0VSKxj8dr,plewisev@mailinator.com
pbowmanew,Maëly,Bowman,yF8GEqhnqH2,pbowmanew@mailinator.com
sreedex,Ráo,Reed,8dIWlPQ,sreedex@mailinator.com
edanielsey,Dafnée,Daniels,Gk2MuTHd,edanielsey@mailinator.com
rdavisez,Anaël,Davis,ocnZ6imHm8F,rdavisez@mailinator.com
jsnyderf0,Ruò,Snyder,iqKqs6170jxH,jsnyderf0@mailinator.com
rramosf1,Noëlla,Ramos,X8Dk3yblORc5,rramosf1@mailinator.com
dhernandezf2,Lài,Hernandez,FkTvlSoMu,dhernandezf2@mailinator.com
jhicksf3,Nélie,Hicks,OGgoGY,jhicksf3@mailinator.com
jcarterf4,Björn,Carter,e7fRSM4MDP,jcarterf4@mailinator.com
aphillipsf5,Personnalisée,Phillips,vMCp88R0,aphillipsf5@mailinator.com
amontgomeryf6,Zoé,Montgomery,uzmA3kp,amontgomeryf6@mailinator.com
jdiazf7,Renée,Diaz,eqmAlu5P,jdiazf7@mailinator.com
jcoxf8,Clémence,Cox,wpMyupbQfkP,jcoxf8@mailinator.com
jgeorgef9,Laurélie,George,67XsWm,jgeorgef9@mailinator.com
tfergusonfa,Märta,Ferguson,YDaR9RpC5,tfergusonfa@mailinator.com
rwalkerfb,Séverine,Walker,qi88htt,rwalkerfb@mailinator.com
afieldsfc,Daphnée,Fields,YaxxsfnN2,afieldsfc@mailinator.com
rhillfd,Ophélie,Hill,qoffvkWMt,rhillfd@mailinator.com
rrogersfe,Maëlla,Rogers,d1WtkbYDq,rrogersfe@mailinator.com
fyoungff,Eléonore,Young,S599Pip3l,fyoungff@mailinator.com
awoodsfg,Séverine,Woods,dj7W5cQY,awoodsfg@mailinator.com
dfosterfh,Wá,Foster,GjN2TKQvzAtz,dfosterfh@mailinator.com
ameyerfi,Clélia,Meyer,bxSDsI,ameyerfi@mailinator.com
jgonzalesfj,Léone,Gonzales,TO3OBy0,jgonzalesfj@mailinator.com
cbarnesfk,Adèle,Barnes,JioqnRfAzPS,cbarnesfk@mailinator.com
wfergusonfl,Pål,Ferguson,HMRNigqp8,wfergusonfl@mailinator.com
jperryfm,Solène,Perry,XA5xTY,jperryfm@mailinator.com
dnguyenfn,Angèle,Nguyen,OdfkNsq,dnguyenfn@mailinator.com
rbanksfo,Thérèsa,Banks,0xaKx3lI,rbanksfo@mailinator.com
cgrayfp,Célia,Gray,ZFvRnNlFi,cgrayfp@mailinator.com
jperezfq,Wá,Perez,D2cNPJwX0URa,jperezfq@mailinator.com
kkellyfr,Léonie,Kelly,hjhTOj9qJU,kkellyfr@mailinator.com
sreidfs,Daphnée,Reid,VCQYXvvC,sreidfs@mailinator.com
jnguyenft,Judicaël,Nguyen,RpB4hUE31g,jnguyenft@mailinator.com
kshawfu,Néhémie,Shaw,AmXHUk,kshawfu@mailinator.com
pmyersfv,Thérèsa,Myers,i9wtTYKdL4R,pmyersfv@mailinator.com
cdunnfw,Frédérique,Dunn,ASz9SqlVKII,cdunnfw@mailinator.com
pbowmanfx,Publicité,Bowman,3rx1kZm,pbowmanfx@mailinator.com
mcolemanfy,Loïca,Coleman,kDrS4f7,mcolemanfy@mailinator.com
lwillisfz,Estève,Willis,AcKdlBYKbjK,lwillisfz@mailinator.com
creyesg0,Michèle,Reyes,eWa7zCj8PGcw,creyesg0@mailinator.com
gjamesg1,Desirée,James,THW1liaXW2p0,gjamesg1@mailinator.com
bhanseng2,Uò,Hansen,L9dwtQ,bhanseng2@mailinator.com
ljohnsong3,Judicaël,Johnson,GMAo13KfqKA,ljohnsong3@mailinator.com
rbryantg4,Kallisté,Bryant,5Tj7UY9xOx,rbryantg4@mailinator.com
jhudsong5,Gaïa,Hudson,AbA5ZtQT,jhudsong5@mailinator.com
glaneg6,Yénora,Lane,8qsSNlH,glaneg6@mailinator.com
crogersg7,Mén,Rogers,PHSKLyAls,crogersg7@mailinator.com
ddunng8,Célestine,Dunn,3dy70m,ddunng8@mailinator.com
tpriceg9,Kù,Price,ya3fJZG,tpriceg9@mailinator.com
jbanksga,Illustrée,Banks,MP3xJpAik,jbanksga@mailinator.com
kromerogb,Zoé,Romero,vxWh6WsWO3eJ,kromerogb@mailinator.com
dtuckergc,Tú,Tucker,TDOKnW,dtuckergc@mailinator.com
rpetersongd,Garçon,Peterson,2vnW9Pq,rpetersongd@mailinator.com
jmasonge,Andrée,Mason,ep7qHY,jmasonge@mailinator.com
arobertsgf,Méthode,Roberts,6u4Dbh,arobertsgf@mailinator.com
awallacegg,Agnès,Wallace,A2NfB7GlLzJ7,awallacegg@mailinator.com
gparkergh,Marlène,Parker,5XoCcsb,gparkergh@mailinator.com
jyounggi,Yénora,Young,CKluSAy,jyounggi@mailinator.com
jmitchellgj,Vénus,Mitchell,DffSUJ,jmitchellgj@mailinator.com
dhamiltongk,Amélie,Hamilton,iGKEFt,dhamiltongk@mailinator.com
phayesgl,Joséphine,Hayes,jTOYFsoee,phayesgl@mailinator.com
mjordangm,Måns,Jordan,Gooo4dpL8p,mjordangm@mailinator.com
scolemangn,Andrée,Coleman,TNEtrtS,scolemangn@mailinator.com
kwilsongo,Eugénie,Wilson,ocWMyzIR,kwilsongo@mailinator.com
nhudsongp,Geneviève,Hudson,6QjmhpES,nhudsongp@mailinator.com
cparkergq,Crééz,Parker,DOMc2ed1Ob4U,cparkergq@mailinator.com
jgreenegr,Mylène,Greene,jsWlY5,jgreenegr@mailinator.com
cromerogs,Simplifiés,Romero,uh17JngQyA,cromerogs@mailinator.com
bjacksongt,Vérane,Jackson,eFtp5ohv,bjacksongt@mailinator.com
alopezgu,Mylène,Lopez,5HW07c3Vh,alopezgu@mailinator.com
vjonesgv,Léandre,Jones,ANCoa3num3,vjonesgv@mailinator.com
nhernandezgw,Mélys,Hernandez,l32NsT6xn,nhernandezgw@mailinator.com
thowellgx,Danièle,Howell,vfdBmLxd3RG,thowellgx@mailinator.com
ledwardsgy,Garçon,Edwards,FjqwWx,ledwardsgy@mailinator.com
ahendersongz,Rébecca,Henderson,wVYzZW4qip,ahendersongz@mailinator.com
jporterh0,Gaïa,Porter,i5U9bqt3N6,jporterh0@mailinator.com
aclarkh1,Kévina,Clark,ObrL0I5,aclarkh1@mailinator.com
bdayh2,Zoé,Day,BrCcBG1SzC,bdayh2@mailinator.com
dturnerh3,Mélodie,Turner,r7ejEc7G,dturnerh3@mailinator.com
sdeanh4,Gisèle,Dean,3ZKtnjfJ7u,sdeanh4@mailinator.com
redwardsh5,Mahélie,Edwards,BgFi7IOI,redwardsh5@mailinator.com
gfernandezh6,Audréanne,Fernandez,3JveWp65,gfernandezh6@mailinator.com
jthompsonh7,Adèle,Thompson,Cvt2VAWa,jthompsonh7@mailinator.com
hsmithh8,Maï,Smith,Ol3WFF,hsmithh8@mailinator.com
jallenh9,Fèi,Allen,jAnJJBc,jallenh9@mailinator.com
jlewisha,Océanne,Lewis,RR18AwvXa5,jlewisha@mailinator.com
hkellyhb,Åke,Kelly,IHl5Eq7VEAD,hkellyhb@mailinator.com
drussellhc,Adélie,Russell,bEnGf8Url,drussellhc@mailinator.com
vhunthd,Mà,Hunt,u6I8PDEWw,vhunthd@mailinator.com
hsimpsonhe,Pélagie,Simpson,lqEZyd,hsimpsonhe@mailinator.com
akimhf,Amélie,Kim,B32rcRv,akimhf@mailinator.com
ewagnerhg,Bérangère,Wagner,uHVUva,ewagnerhg@mailinator.com
dgonzalezhh,Táng,Gonzalez,U92f7sKnK0B,dgonzalezhh@mailinator.com
rcookhi,Gisèle,Cook,0SidCFb,rcookhi@mailinator.com
cholmeshj,Méng,Holmes,RBziAZ2XIC,cholmeshj@mailinator.com
mhendersonhk,Béatrice,Henderson,3C06E3P,mhendersonhk@mailinator.com
chansenhl,Kévina,Hansen,Lug6ju,chansenhl@mailinator.com
mkennedyhm,Bérangère,Kennedy,KffKNKq,mkennedyhm@mailinator.com
cparkerhn,Véronique,Parker,m7LM8Xyhyj2,cparkerhn@mailinator.com
pcolemanho,Cinéma,Coleman,YDiG09X5CPd,pcolemanho@mailinator.com
jcarrhp,Kévina,Carr,A8emAXvZN1,jcarrhp@mailinator.com
eowenshq,Danièle,Owens,jS7K52I4i,eowenshq@mailinator.com
fedwardshr,Salomé,Edwards,ZwLex6P4Xa1,fedwardshr@mailinator.com
dfreemanhs,Personnalisée,Freeman,1sbZBUohzk4,dfreemanhs@mailinator.com
jwillisht,Adélie,Willis,x4T4X56,jwillisht@mailinator.com
astewarthu,Anaé,Stewart,UZ6Ku0,astewarthu@mailinator.com
lmendozahv,Noémie,Mendoza,eB3LIddhPt2,lmendozahv@mailinator.com
tramirezhw,Göran,Ramirez,7v1cMJK,tramirezhw@mailinator.com
jdayhx,Hélèna,Day,M48pCmU5Rkhx,jdayhx@mailinator.com
pvasquezhy,Gösta,Vasquez,q2Ebo09xD,pvasquezhy@mailinator.com
jgordonhz,Naëlle,Gordon,pMWNgAqQHRsi,jgordonhz@mailinator.com
mthompsoni0,Rébecca,Thompson,qVGBG5MEG,mthompsoni0@mailinator.com
jcolei1,Gaïa,Cole,ISIAMro,jcolei1@mailinator.com
dshawi2,Ruò,Shaw,qbZXEs1,dshawi2@mailinator.com
aclarki3,Anaé,Clark,Ui83nIELn1W,aclarki3@mailinator.com
ascotti4,Sòng,Scott,7bsDylaUvNXy,ascotti4@mailinator.com
eperezi5,Cléopatre,Perez,33p5JuiSSI,eperezi5@mailinator.com
jgranti6,Cunégonde,Grant,196rk3tVHJ,jgranti6@mailinator.com
twoodi7,Zhì,Wood,gLUd5uDg,twoodi7@mailinator.com
lbennetti8,Tán,Bennett,IjzPFsZ,lbennetti8@mailinator.com
jhamiltoni9,Åslög,Hamilton,LV3ZAGkmzJZ,jhamiltoni9@mailinator.com
mreedia,Lén,Reed,gzVauC,mreedia@mailinator.com
jkimib,Maïté,Kim,WqtIzn2,jkimib@mailinator.com
slawrenceic,Hélène,Lawrence,ynsBemqxGD,slawrenceic@mailinator.com
jkimid,Dorothée,Kim,Y2K5xguLP,jkimid@mailinator.com
epetersonie,Vénus,Peterson,ZYm7P1d6e,epetersonie@mailinator.com
bgrahamif,Célia,Graham,4PCufvfeAF,bgrahamif@mailinator.com
rgonzalesig,Nuó,Gonzales,t6vS7XHx9l7,rgonzalesig@mailinator.com
apriceih,Göran,Price,dNEHkLWUSuUp,apriceih@mailinator.com
jmatthewsii,Faîtes,Matthews,8RAWmPjMIj6,jmatthewsii@mailinator.com
nhughesij,Aurélie,Hughes,pKpVxcpWAFv,nhughesij@mailinator.com
jwagnerik,Loïc,Wagner,XPppB3cWYt7,jwagnerik@mailinator.com
btuckeril,Maëline,Tucker,I1vKFSjRc7y,btuckeril@mailinator.com
egrayim,Edmée,Gray,U6Cn3kz6,egrayim@mailinator.com
jlittlein,Maëlle,Little,UpOJiTL4yuei,jlittlein@mailinator.com
barnoldio,Bérangère,Arnold,b8h6fw,barnoldio@mailinator.com
slopezip,Desirée,Lopez,YuavnWDMwWTH,slopezip@mailinator.com
afreemaniq,Méthode,Freeman,YRcneL7fa,afreemaniq@mailinator.com
jmurrayir,Gaétane,Murray,tLtNlU6p,jmurrayir@mailinator.com
tgreenis,Maëlyss,Green,3ilvRbvD8IB,tgreenis@mailinator.com
jbellit,Inès,Bell,77uMIB3O,jbellit@mailinator.com
awellsiu,Mélanie,Wells,Hy521Lnaa,awellsiu@mailinator.com
bjohnsoniv,Cécile,Johnson,DDK4L2EXw0Zt,bjohnsoniv@mailinator.com
bdeaniw,Lauréna,Dean,JqA8yyNPVeaf,bdeaniw@mailinator.com
acooperix,Pénélope,Cooper,Ax1DtKh0KT,acooperix@mailinator.com
aharrisoniy,Thérèsa,Harrison,mk8GoNPl1Q,aharrisoniy@mailinator.com
jboydiz,Mélanie,Boyd,qPuYRjQFb,jboydiz@mailinator.com
jturnerj0,Félicie,Turner,SWJN0B,jturnerj0@mailinator.com
jlewisj1,Mélia,Lewis,KJjdIKAKsnkb,jlewisj1@mailinator.com
jlawsonj2,Pélagie,Lawson,qU87PUe,jlawsonj2@mailinator.com
jcarrj3,Adélaïde,Carr,sTn9ovQvVSz,jcarrj3@mailinator.com
rclarkj4,Lèi,Clark,hx9vMWyab,rclarkj4@mailinator.com
cpowellj5,Gaïa,Powell,ch4abw,cpowellj5@mailinator.com
jmartinezj6,Célia,Martinez,gULC3bcPa,jmartinezj6@mailinator.com
wlynchj7,Lèi,Lynch,CUGtqeT,wlynchj7@mailinator.com
vthomasj8,Torbjörn,Thomas,RkewY9kXPA,vthomasj8@mailinator.com
trossj9,Aí,Ross,n00uBRk,trossj9@mailinator.com
cgutierrezja,Aurélie,Gutierrez,znewKIjuI,cgutierrezja@mailinator.com
lsanchezjb,Eléonore,Sanchez,ETIDwkOtOa,lsanchezjb@mailinator.com
pjohnstonjc,Célia,Johnston,H5PdReRVizc,pjohnstonjc@mailinator.com
bpattersonjd,Edmée,Patterson,EbrBPJl,bpattersonjd@mailinator.com
mhamiltonje,Magdalène,Hamilton,n1zJTiDeOBe,mhamiltonje@mailinator.com
scollinsjf,Françoise,Collins,cHJYph0,scollinsjf@mailinator.com
bgarzajg,Göran,Garza,Vc5ME6lk,bgarzajg@mailinator.com
cleejh,Océane,Lee,8AyI8GGkE,cleejh@mailinator.com
ageorgeji,Aloïs,George,f3yojurtfv,ageorgeji@mailinator.com
rgibsonjj,Estève,Gibson,IUfR0OZFal,rgibsonjj@mailinator.com
fwashingtonjk,Gösta,Washington,8zspXUn,fwashingtonjk@mailinator.com
planejl,Anaïs,Lane,o8eTei8R,planejl@mailinator.com
cgarrettjm,Gaëlle,Garrett,Ehal53EMhjp,cgarrettjm@mailinator.com
jspencerjn,Eléa,Spencer,IewKPC,jspencerjn@mailinator.com
achavezjo,Lèi,Chavez,MxsAakTazDZ,achavezjo@mailinator.com
lmcdonaldjp,Maëlyss,Mcdonald,EOmQTX1M,lmcdonaldjp@mailinator.com
tclarkjq,Angélique,Clark,V9uMJVt,tclarkjq@mailinator.com
asimsjr,Faîtes,Sims,3jOZj0,asimsjr@mailinator.com
jbowmanjs,Illustrée,Bowman,HHxKlr7mOp0g,jbowmanjs@mailinator.com
jwebbjt,Danièle,Webb,OdkC4mIQbytw,jwebbjt@mailinator.com
jmorganju,Táng,Morgan,YgWiv4nfId,jmorganju@mailinator.com
csandersjv,Méghane,Sanders,l4cEDivipc3,csandersjv@mailinator.com
cmoralesjw,Salomé,Morales,L0YPnnvOREF,cmoralesjw@mailinator.com
hcarrjx,Mén,Carr,28ZRKd,hcarrjx@mailinator.com
gjohnsonjy,Andrée,Johnson,ScFOFioHpNG,gjohnsonjy@mailinator.com
chawkinsjz,Eléonore,Hawkins,oQWexo6,chawkinsjz@mailinator.com
jhallk0,Bérangère,Hall,MjvMuZrw,jhallk0@mailinator.com
dfowlerk1,Aimée,Fowler,vL5jwkpMhSzg,dfowlerk1@mailinator.com
pwrightk2,Adélaïde,Wright,sW6LOajJBr,pwrightk2@mailinator.com
kfranklink3,Gwenaëlle,Franklin,AFJbyZdf,kfranklink3@mailinator.com
bspencerk4,Chloé,Spencer,7pDoO8g,bspencerk4@mailinator.com
bhayesk5,Faîtes,Hayes,oB8G5vi7,bhayesk5@mailinator.com
pperezk6,Noëlla,Perez,vkFkw5,pperezk6@mailinator.com
gyoungk7,Mélina,Young,UgP0uK,gyoungk7@mailinator.com
dhamiltonk8,Táng,Hamilton,Em9VVtsq,dhamiltonk8@mailinator.com
jrobinsonk9,Esbjörn,Robinson,3oGBVDx,jrobinsonk9@mailinator.com
fmendozaka,Maïly,Mendoza,7RcxygO,fmendozaka@mailinator.com
rjohnstonkb,Maïly,Johnston,9ksrygFZ,rjohnstonkb@mailinator.com
scunninghamkc,Dà,Cunningham,E0TANk8Z,scunninghamkc@mailinator.com
rbutlerkd,Åslög,Butler,qt6ocSit,rbutlerkd@mailinator.com
bjoneske,Maëlyss,Jones,79WIWzO79CO,bjoneske@mailinator.com
agibsonkf,Cinéma,Gibson,a0gWTSs,agibsonkf@mailinator.com
jstephenskg,Lóng,Stephens,2XjUvla,jstephenskg@mailinator.com
agreenekh,Stéphanie,Greene,hWpNAVWvPj,agreenekh@mailinator.com
scampbellki,Liè,Campbell,WuVnt1RDqh,scampbellki@mailinator.com
crichardsonkj,Bérangère,Richardson,GzXbOot9pMCZ,crichardsonkj@mailinator.com
ahawkinskk,Cinéma,Hawkins,uTcAnJn,ahawkinskk@mailinator.com
sdaviskl,Mélina,Davis,wqH50MEve,sdaviskl@mailinator.com
rpowellkm,Almérinda,Powell,uSnEkMciscY,rpowellkm@mailinator.com
dwheelerkn,Illustrée,Wheeler,LYMizNz8v,dwheelerkn@mailinator.com
kmillerko,Mégane,Miller,bkgZUz,kmillerko@mailinator.com
jfloreskp,Océanne,Flores,Ps7UaOlb,jfloreskp@mailinator.com
jgrahamkq,Thérèse,Graham,U4B9qAYknQR,jgrahamkq@mailinator.com
plewiskr,Intéressant,Lewis,piflgu,plewiskr@mailinator.com
jpowellks,Tán,Powell,0KAV2p,jpowellks@mailinator.com
efisherkt,Léane,Fisher,Avq8zgT,efisherkt@mailinator.com
bkellyku,Régine,Kelly,bUMr7AjHHbI,bkellyku@mailinator.com
jgriffinkv,Loïca,Griffin,KzjpaNChPJu,jgriffinkv@mailinator.com
jwardkw,Kuí,Ward,omABHgMW,jwardkw@mailinator.com
mhartkx,Illustrée,Hart,oWZqyn7,mhartkx@mailinator.com
apierceky,Maïly,Pierce,I23oiN25k,apierceky@mailinator.com
callenkz,Östen,Allen,s52nyS2a4Vn,callenkz@mailinator.com
mlawrencel0,Personnalisée,Lawrence,dMIyg6sKl,mlawrencel0@mailinator.com
eellisl1,Gaïa,Ellis,awGJ74H2,eellisl1@mailinator.com
sbishopl2,Maëlys,Bishop,905hJ3k45yB,sbishopl2@mailinator.com
snguyenl3,Hélèna,Nguyen,rmzNtQuvV,snguyenl3@mailinator.com
rgonzalezl4,Eloïse,Gonzalez,H9iWj0J0SB6,rgonzalezl4@mailinator.com
jcrawfordl5,Michèle,Crawford,yJMwGn,jcrawfordl5@mailinator.com
holsonl6,Cunégonde,Olson,nEEbZvLe5J,holsonl6@mailinator.com
bhudsonl7,Maëlla,Hudson,kCGBz5DnNBAO,bhudsonl7@mailinator.com
rknightl8,Mélina,Knight,D5kz8m8Xthh,rknightl8@mailinator.com
pburnsl9,Göran,Burns,A6tubeb,pburnsl9@mailinator.com
aperkinsla,Stéphanie,Perkins,JiuS8iO,aperkinsla@mailinator.com
tdaylb,Judicaël,Day,M60VMkrQ,tdaylb@mailinator.com
rbutlerlc,Zoé,Butler,NDevSk,rbutlerlc@mailinator.com
kdunnld,Mylène,Dunn,ustVn1ag72K,kdunnld@mailinator.com
whernandezle,Ruò,Hernandez,IUjgU9,whernandezle@mailinator.com
nwellslf,Pål,Wells,bmOFgarim,nwellslf@mailinator.com
skinglg,Yénora,King,3VvF5wDl,skinglg@mailinator.com
rhunterlh,Nuó,Hunter,oS5ilNwW,rhunterlh@mailinator.com
rbarnesli,Mégane,Barnes,AEHaTjC,rbarnesli@mailinator.com
pbrownlj,Andréa,Brown,GIb1pMuH,pbrownlj@mailinator.com
tmurraylk,Léana,Murray,d6kwKRk,tmurraylk@mailinator.com
crosell,Thérèse,Rose,z5Bkn3Idt3,crosell@mailinator.com
kperkinslm,Erwéi,Perkins,MusPyBxQhV,kperkinslm@mailinator.com
bwashingtonln,Anaëlle,Washington,iXdi3jP7vht,bwashingtonln@mailinator.com
lrichardsonlo,Nélie,Richardson,YakajcBFIoVc,lrichardsonlo@mailinator.com
bkelleylp,Mélia,Kelley,2FnwgpjOQq,bkelleylp@mailinator.com
nclarklq,Eliès,Clark,TyGer2RA8I,nclarklq@mailinator.com
lwardlr,Ráo,Ward,BoYxn8raUBs,lwardlr@mailinator.com
tcooperls,Thérèse,Cooper,ukXuciS28DZ,tcooperls@mailinator.com
kdiazlt,Léana,Diaz,CdR1xP,kdiazlt@mailinator.com
pgonzaleslu,Bérénice,Gonzales,v2RGSxMJRXY,pgonzaleslu@mailinator.com
cbaileylv,Måns,Bailey,4CrtX2mU5i7b,cbaileylv@mailinator.com
ehawkinslw,Simplifiés,Hawkins,oSXIT3gv3J3,ehawkinslw@mailinator.com
kmedinalx,Gaïa,Medina,zzBxdLdO2a5f,kmedinalx@mailinator.com
jfloresly,Clémence,Flores,jYC1x1b,jfloresly@mailinator.com
msmithlz,Alizée,Smith,6SDSFbH,msmithlz@mailinator.com
jdeanm0,Mélia,Dean,TgDCWXdEq4nh,jdeanm0@mailinator.com
csimmonsm1,Anaëlle,Simmons,4e2PrsW,csimmonsm1@mailinator.com
dkingm2,Méthode,King,EiwyBFLoFrYK,dkingm2@mailinator.com
wdunnm3,Clémentine,Dunn,j4nXo7,wdunnm3@mailinator.com
landersonm4,Lucrèce,Anderson,paixLRIeUGi,landersonm4@mailinator.com
cwellsm5,Eliès,Wells,bYltYyM91w,cwellsm5@mailinator.com
sgreenem6,Maïté,Greene,n1Gt2xh,sgreenem6@mailinator.com
vporterm7,Vénus,Porter,MeqMYeI,vporterm7@mailinator.com
tmillsm8,Anaël,Mills,NIwfEz3,tmillsm8@mailinator.com
adanielsm9,Léane,Daniels,ub7WmXjd,adanielsm9@mailinator.com
plarsonma,Björn,Larson,jnc2QG,plarsonma@mailinator.com
mwhitemb,Esbjörn,White,3xfi3XKf7jaM,mwhitemb@mailinator.com
acolemanmc,Renée,Coleman,CPAEjMrzBXR1,acolemanmc@mailinator.com
jschmidtmd,Bérengère,Schmidt,oyom9ge0,jschmidtmd@mailinator.com
fwheelerme,Renée,Wheeler,jXVNNQsaWQ,fwheelerme@mailinator.com
sfraziermf,Eugénie,Frazier,MzlVvHQ3h9C,sfraziermf@mailinator.com
nandersonmg,Estée,Anderson,AF7Lr2QTo,nandersonmg@mailinator.com
dkelleymh,Solène,Kelley,Zw9rIcJbwdu,dkelleymh@mailinator.com
cpetersmi,Andréa,Peters,HRI5sZR,cpetersmi@mailinator.com
snguyenmj,Publicité,Nguyen,X0ri7t5WFi,snguyenmj@mailinator.com
agarzamk,Bérengère,Garza,Mnv8ZouJ,agarzamk@mailinator.com
csnyderml,Anaïs,Snyder,eMj1T9o,csnyderml@mailinator.com
jsullivanmm,Daphnée,Sullivan,wau3TxdXE,jsullivanmm@mailinator.com
dcolemanmn,Célia,Coleman,sxjHhX5BqT2,dcolemanmn@mailinator.com
cbellmo,Inès,Bell,LMPdVUJusui5,cbellmo@mailinator.com
agardnermp,Geneviève,Gardner,02kC2yIFqHe,agardnermp@mailinator.com
shuntmq,Léane,Hunt,pKxkEKoOMr8,shuntmq@mailinator.com
lgordonmr,Géraldine,Gordon,raLZ5Fn8,lgordonmr@mailinator.com
jrobinsonms,Maïwenn,Robinson,qNTKssiU,jrobinsonms@mailinator.com
lrussellmt,Agnès,Russell,vy9CdPDK7,lrussellmt@mailinator.com
pmooremu,Méline,Moore,KtMmL9,pmooremu@mailinator.com
kspencermv,Réjane,Spencer,y1lwVIhz4uQp,kspencermv@mailinator.com
glawsonmw,Joséphine,Lawson,NxrGxAhYb,glawsonmw@mailinator.com
cfishermx,Félicie,Fisher,p89Q3LoTRLIR,cfishermx@mailinator.com
dwhitemy,Yénora,White,3mQwQ2,dwhitemy@mailinator.com
landrewsmz,Nuó,Andrews,eyNBGxJ2YhMF,landrewsmz@mailinator.com
srayn0,Laïla,Ray,KndxGPFl52v,srayn0@mailinator.com
jlawrencen1,Angèle,Lawrence,7FX0IjNnVso,jlawrencen1@mailinator.com
mbrownn2,Athéna,Brown,DCP5uhzjwLu3,mbrownn2@mailinator.com
lfloresn3,Lèi,Flores,mWP3Ax0VK1AM,lfloresn3@mailinator.com
rwoodn4,Stévina,Wood,mXkfkRf,rwoodn4@mailinator.com
kjamesn5,Kallisté,James,bpnXa7,kjamesn5@mailinator.com
dstephensn6,Pò,Stephens,VdIDthIv,dstephensn6@mailinator.com
mhowelln7,Kuí,Howell,l5nyifwD7y,mhowelln7@mailinator.com
mharpern8,Kuí,Harper,8Y99SXp72,mharpern8@mailinator.com
pwheelern9,Adélie,Wheeler,Y5KBt8W4b8zT,pwheelern9@mailinator.com
smarshallna,Maëlla,Marshall,nwmfuDROBP,smarshallna@mailinator.com
kevansnb,Lén,Evans,wm1838ydf,kevansnb@mailinator.com
crobertsonnc,Göran,Robertson,uovQWDLVgD,crobertsonnc@mailinator.com
phendersonnd,Åsa,Henderson,jeZZ3v88LM,phendersonnd@mailinator.com
jmontgomeryne,Hélèna,Montgomery,QhT6m0uEv,jmontgomeryne@mailinator.com
pstonenf,Noémie,Stone,176V0bNI,pstonenf@mailinator.com
vwashingtonng,Laurène,Washington,pcQ3uZEOAO,vwashingtonng@mailinator.com
mwardnh,Garçon,Ward,asFbLIqx,mwardnh@mailinator.com
broseni,Göran,Rose,qpYJW5acv5,broseni@mailinator.com
chudsonnj,Solène,Hudson,lRyk5ZHMpv,chudsonnj@mailinator.com
ggutierreznk,Mahélie,Gutierrez,4VB2feHZ6,ggutierreznk@mailinator.com
lbutlernl,Béatrice,Butler,xGdhlhDllhT,lbutlernl@mailinator.com
crosenm,Vénus,Rose,pBkaVTrZ,crosenm@mailinator.com
spowellnn,Marie-hélène,Powell,Jug2T0uX,spowellnn@mailinator.com
pburnsno,Véronique,Burns,9Vd41jPaR,pburnsno@mailinator.com
esimpsonnp,Gwenaëlle,Simpson,1Pqd5wgVRcV,esimpsonnp@mailinator.com
kmorrisonnq,Bécassine,Morrison,gwYwLU,kmorrisonnq@mailinator.com
jpalmernr,Lén,Palmer,12C30V6KbO,jpalmernr@mailinator.com
jcollinsns,Personnalisée,Collins,pZD6QCBkl,jcollinsns@mailinator.com
lyoungnt,Almérinda,Young,ondKaPEdLbM,lyoungnt@mailinator.com
mtuckernu,Célia,Tucker,iUhWT1Udoi,mtuckernu@mailinator.com
npetersonnv,Maëlla,Peterson,8AvDKT,npetersonnv@mailinator.com
wtorresnw,Médiamass,Torres,FL4fVJ0iAZUm,wtorresnw@mailinator.com
rwallacenx,Sòng,Wallace,NIVkSVI4,rwallacenx@mailinator.com
briceny,Andrée,Rice,ncGZH9nLX,briceny@mailinator.com
ahansennz,Mårten,Hansen,Fuq1bAd7,ahansennz@mailinator.com
djenkinso0,Noëlla,Jenkins,BW5md4LUcK,djenkinso0@mailinator.com
epeterso1,Sòng,Peters,v0mDYvS,epeterso1@mailinator.com
jsmitho2,Béatrice,Smith,pB1u2uNC,jsmitho2@mailinator.com
bhayeso3,Françoise,Hayes,iVXfyFl,bhayeso3@mailinator.com
rhunto4,Östen,Hunt,1nm33us1R,rhunto4@mailinator.com
hriverao5,Örjan,Rivera,HZUtRnoG9gTh,hriverao5@mailinator.com
gelliso6,Mén,Ellis,MFKrFZXn,gelliso6@mailinator.com
sstephenso7,Pò,Stephens,6K4cr8,sstephenso7@mailinator.com
aramoso8,Maïwenn,Ramos,PGyEq5nlyFM,aramoso8@mailinator.com
selliso9,Gisèle,Ellis,EYkFHt,selliso9@mailinator.com
pmyersoa,Marie-thérèse,Myers,YnIB06zL,pmyersoa@mailinator.com
jtorresob,Mårten,Torres,PDADiitQi9,jtorresob@mailinator.com
lfreemanoc,Alizée,Freeman,PCzwWjJ,lfreemanoc@mailinator.com
mjonesod,Eugénie,Jones,aBbVgWS,mjonesod@mailinator.com
lhenryoe,Mégane,Henry,8gt1KyR,lhenryoe@mailinator.com
jlynchof,Tú,Lynch,tBTU7ndl,jlynchof@mailinator.com
mrodriguezog,Léonore,Rodriguez,zieAEhDPbju,mrodriguezog@mailinator.com
bbradleyoh,Estée,Bradley,hLtPADi,bbradleyoh@mailinator.com
clawrenceoi,Valérie,Lawrence,HO5iCiYZU,clawrenceoi@mailinator.com
pdunnoj,Loïc,Dunn,C5NOgyt,pdunnoj@mailinator.com
lgarzaok,Maëlla,Garza,KeFAB52,lgarzaok@mailinator.com
amorenool,Ruì,Moreno,QQSQCn,amorenool@mailinator.com
pmorrisonom,Ophélie,Morrison,3HIa8heOd,pmorrisonom@mailinator.com
dcampbellon,Erwéi,Campbell,er25tRY,dcampbellon@mailinator.com
lgarrettoo,Ráo,Garrett,QGwW2H,lgarrettoo@mailinator.com
mandersonop,Yáo,Anderson,Y8ZFSu,mandersonop@mailinator.com
rmontgomeryoq,Stévina,Montgomery,NfDniOQ,rmontgomeryoq@mailinator.com
acolemanor,Josée,Coleman,sIGUIxMpV5P,acolemanor@mailinator.com
jsnyderos,Edmée,Snyder,1TYW0gv,jsnyderos@mailinator.com
jdayot,Ruò,Day,Emh0xA,jdayot@mailinator.com
jtuckerou,Bécassine,Tucker,0GtLdycNYqzx,jtuckerou@mailinator.com
amurrayov,Cécile,Murray,bytPqgQpd,amurrayov@mailinator.com
fhansonow,Uò,Hanson,vderpm5Otqi,fhansonow@mailinator.com
kdavisox,Nuó,Davis,bUdi1gK7R,kdavisox@mailinator.com
lfreemanoy,Maëlann,Freeman,UQL1bxDFTeBz,lfreemanoy@mailinator.com
jallenoz,Dorothée,Allen,OAlnVz,jallenoz@mailinator.com
dmoralesp0,Lóng,Morales,JdRZYT,dmoralesp0@mailinator.com
jsanchezp1,Gérald,Sanchez,NpmQPKxy,jsanchezp1@mailinator.com
kholmesp2,André,Holmes,wktS06C,kholmesp2@mailinator.com
glawrencep3,Vérane,Lawrence,H9obEy5JVl5f,glawrencep3@mailinator.com
gporterp4,Bécassine,Porter,i3BfZtJLNR,gporterp4@mailinator.com
bchavezp5,Maëlann,Chavez,ZWrK1ImUGpoU,bchavezp5@mailinator.com
jpalmerp6,Océane,Palmer,D8wy4r6wjzvW,jpalmerp6@mailinator.com
crogersp7,Océane,Rogers,6PT5kA,crogersp7@mailinator.com
mcolemanp8,Loïc,Coleman,M9XPTmR,mcolemanp8@mailinator.com
wfloresp9,Simplifiés,Flores,r2myXXJTX,wfloresp9@mailinator.com
mrodriguezpa,Léonie,Rodriguez,5ZjGjW1P7u,mrodriguezpa@mailinator.com
dwardpb,Eugénie,Ward,jsuR1Bok,dwardpb@mailinator.com
mpiercepc,Bérengère,Pierce,HSNvVic0P2Rb,mpiercepc@mailinator.com
mhayespd,Maïwenn,Hayes,PntDBupLWkQ,mhayespd@mailinator.com
cwilsonpe,Inès,Wilson,b4zeInPkCK,cwilsonpe@mailinator.com
cparkerpf,Géraldine,Parker,nGzG6jpM,cparkerpf@mailinator.com
pdeanpg,Maëlys,Dean,AuFn1Oo2a,pdeanpg@mailinator.com
pfisherph,Anaé,Fisher,MsiSEfzloWQ,pfisherph@mailinator.com
jphillipspi,Yú,Phillips,xyweMy68Koc,jphillipspi@mailinator.com
cberrypj,Maéna,Berry,2mboLQ5b,cberrypj@mailinator.com
sleepk,Maëlla,Lee,jwgAzu,sleepk@mailinator.com
chamiltonpl,Mélys,Hamilton,k5sFpZ659O,chamiltonpl@mailinator.com
dbennettpm,Björn,Bennett,qeJaXsLXV,dbennettpm@mailinator.com
jwillispn,Dà,Willis,txqhcY,jwillispn@mailinator.com
dlittlepo,Marie-hélène,Little,DNVTujUk,dlittlepo@mailinator.com
hmurraypp,Mahélie,Murray,EvEZEygBRE4,hmurraypp@mailinator.com
dtuckerpq,Anaël,Tucker,QVw572iB,dtuckerpq@mailinator.com
jandersonpr,Mélys,Anderson,aHwsCEllEP,jandersonpr@mailinator.com
hwardps,Cloé,Ward,Y1YL7xA,hwardps@mailinator.com
dclarkpt,Clémentine,Clark,uUdJBeGJSFE,dclarkpt@mailinator.com
afoxpu,Yáo,Fox,3cul0pWor1G,afoxpu@mailinator.com
jreyespv,Marylène,Reyes,gAZD0fi3D,jreyespv@mailinator.com
dlawsonpw,Géraldine,Lawson,y5CQPpaVsB,dlawsonpw@mailinator.com
cfranklinpx,Géraldine,Franklin,SQC1z5CMYSKF,cfranklinpx@mailinator.com
rstanleypy,Nuó,Stanley,2buZoDXkAcox,rstanleypy@mailinator.com
amillerpz,Annotés,Miller,bbVs8Ru1GfTd,amillerpz@mailinator.com
sturnerq0,Bénédicte,Turner,ipVccNxH,sturnerq0@mailinator.com
mboydq1,Maëly,Boyd,sffqZu,mboydq1@mailinator.com
bhughesq2,Mà,Hughes,D8Lyw58VOOa,bhughesq2@mailinator.com
awashingtonq3,Mårten,Washington,vgsIrHyiY0t,awashingtonq3@mailinator.com
dhughesq4,Miléna,Hughes,fnM0MeDcK5jM,dhughesq4@mailinator.com
lroseq5,Marie-françoise,Rose,GUApcPD,lroseq5@mailinator.com
cweaverq6,Clélia,Weaver,N8qSjlm,cweaverq6@mailinator.com
ameyerq7,Lóng,Meyer,xLlvf6WKiNkt,ameyerq7@mailinator.com
ihawkinsq8,Céline,Hawkins,Zao186,ihawkinsq8@mailinator.com
rpriceq9,André,Price,wF5ZcEIapZU,rpriceq9@mailinator.com
jbennettqa,Mégane,Bennett,Pedw5T,jbennettqa@mailinator.com
dmendozaqb,Angélique,Mendoza,UfnzTyq,dmendozaqb@mailinator.com
jbakerqc,Publicité,Baker,6wEsLhCRx6s,jbakerqc@mailinator.com
tkennedyqd,Lén,Kennedy,0yGElw,tkennedyqd@mailinator.com
aharrisqe,Clémentine,Harris,EaZwyslEw,aharrisqe@mailinator.com
rharperqf,Dorothée,Harper,9oeC6OxwyLi,rharperqf@mailinator.com
bramirezqg,Gérald,Ramirez,1kd643p5iAi,bramirezqg@mailinator.com
mmendozaqh,Léana,Mendoza,kHMlGWe,mmendozaqh@mailinator.com
cmurrayqi,Océane,Murray,FDtxFUzZ3j,cmurrayqi@mailinator.com
rstoneqj,Eléa,Stone,6ZhPJnc7FoF,rstoneqj@mailinator.com
sarnoldqk,Gwenaëlle,Arnold,cjImS9W3nk,sarnoldqk@mailinator.com
kthomasql,Maëline,Thomas,fBaM35,kthomasql@mailinator.com
ecolemanqm,Marylène,Coleman,hnhCfl0IAZtk,ecolemanqm@mailinator.com
hlewisqn,Léa,Lewis,TZdnCl7Tf9Kj,hlewisqn@mailinator.com
krobertsqo,Gaëlle,Roberts,suFwPcfs6KUo,krobertsqo@mailinator.com
pperkinsqp,Lèi,Perkins,w8EJkHQpM1,pperkinsqp@mailinator.com
croseqq,Salomé,Rose,AEvfXJ,croseqq@mailinator.com
wlawsonqr,Amélie,Lawson,olDGHFne,wlawsonqr@mailinator.com
wandrewsqs,Yáo,Andrews,9DQOrA,wandrewsqs@mailinator.com
jramirezqt,Miléna,Ramirez,VSFRbTsak,jramirezqt@mailinator.com
dhayesqu,Loïc,Hayes,BPvfM1E,dhayesqu@mailinator.com
plynchqv,Amélie,Lynch,3vzhOTKbwFOW,plynchqv@mailinator.com
wwilliamsonqw,Maëlyss,Williamson,6JY5bSEJg,wwilliamsonqw@mailinator.com
fdayqx,Örjan,Day,C3YdfqmaA6vU,fdayqx@mailinator.com
ebakerqy,Salomé,Baker,Np3yVa,ebakerqy@mailinator.com
afranklinqz,Lucrèce,Franklin,cmClcTQL10Ey,afranklinqz@mailinator.com
kchapmanr0,Cécilia,Chapman,Ocf9o3Tb,kchapmanr0@mailinator.com
acarrollr1,Méghane,Carroll,CsTm6h,acarrollr1@mailinator.com
jhughesr2,Irène,Hughes,mXnSOIrV5R,jhughesr2@mailinator.com
eharveyr3,Cécilia,Harvey,oQZNYwujVnh8,eharveyr3@mailinator.com
jbishopr4,Lucrèce,Bishop,OM0p8dyNrbrM,jbishopr4@mailinator.com
bsullivanr5,Styrbjörn,Sullivan,OShq5w,bsullivanr5@mailinator.com
bpiercer6,Yóu,Pierce,29AmupZO,bpiercer6@mailinator.com
sbarnesr7,Séréna,Barnes,FJME2eEN,sbarnesr7@mailinator.com
wowensr8,Naëlle,Owens,1oDSyJXp,wowensr8@mailinator.com
phowellr9,Östen,Howell,BSa8XLKc91,phowellr9@mailinator.com
jhughesra,Åslög,Hughes,rFMSTwG,jhughesra@mailinator.com
cyoungrb,Renée,Young,UAJY4l5AYKM,cyoungrb@mailinator.com
rpattersonrc,Styrbjörn,Patterson,M7cC2wAGq,rpattersonrc@mailinator.com
jrogersrd,Réjane,Rogers,vTGcN01FORq,jrogersrd@mailinator.com
hburnsre,Marlène,Burns,zW16eR,hburnsre@mailinator.com
jcarrollrf,Mégane,Carroll,nKqs5vN,jcarrollrf@mailinator.com
lhernandezrg,Stévina,Hernandez,5KtEk0fz1K,lhernandezrg@mailinator.com
jfergusonrh,Stévina,Ferguson,YwsAhEO,jfergusonrh@mailinator.com
ralvarezri,Léandre,Alvarez,READ2SOW2j,ralvarezri@mailinator.com
kadamsrj,Andrée,Adams,lsa6dcUIYgNy,kadamsrj@mailinator.com
smorganrk,Léana,Morgan,uKpfv39a,smorganrk@mailinator.com
rrussellrl,Nuó,Russell,nQkeet,rrussellrl@mailinator.com
ewallacerm,Néhémie,Wallace,VgNQOY,ewallacerm@mailinator.com
dmurrayrn,Stévina,Murray,E8SSMl,dmurrayrn@mailinator.com
npetersonro,Laïla,Peterson,AlvOUtEAUgI,npetersonro@mailinator.com
cgutierrezrp,Jú,Gutierrez,NmYQ5bLIyw,cgutierrezrp@mailinator.com
bcarrollrq,Yú,Carroll,ZBwHjYxmJj,bcarrollrq@mailinator.com
wsullivanrr,Ruò,Sullivan,ILnCqjW,wsullivanrr@mailinator.com
